{"initial_reset_timestamp": 1606131654.601689, "timestamps": [1606131683.6012707, 1606131709.2176838, 1606131776.09437, 1606131801.5774503], "episode_lengths": [424, 382, 1000, 380], "episode_rewards": [196.65590403091107, 252.77542733337432, 114.1629314625095, 230.06805616452357], "episode_types": ["t", "t", "t", "t"]}